﻿<?xml version="1.0" encoding="utf-8"?>
<OnEventsList>
  <Event isChecked="False" ChatEvent="Dream Flower" EventCommand="//magesballad3 typral" ChatType="ALL" isRegEx="False" />
  <Event isChecked="True" ChatEvent="Regen IV" EventCommand="//magesballad3 Typral" ChatType="ALL" isRegEx="False" />
  <Event isChecked="False" ChatEvent="hits Immortta" EventCommand="//hordelullaby2 &lt;bt&gt;" ChatType="ALL" isRegEx="False" />
  <Event isChecked="True" ChatEvent="Boost-Dex" EventCommand="//magesballad3 typral" ChatType="ALL" isRegEx="False" />
  <Event isChecked="True" ChatEvent="Battery Charge" EventCommand="//hordelullaby2 &lt;bt&gt;" ChatType="ALL" isRegEx="False" />
  <Event isChecked="True" ChatEvent="cannot be cast" EventCommand="//gs r" ChatType="ALL" isRegEx="False" />
  <Event isChecked="False" ChatEvent="Erratic Flutter" EventCommand="//hordelullaby2 &lt;bt&gt;" ChatType="ALL" isRegEx="False" />
  <Event isChecked="False" ChatEvent="Cocoon" EventCommand="//hordelullaby2 &lt;bt&gt;" ChatType="ALL" isRegEx="False" />
  <Event isChecked="True" ChatEvent="Curaga III" EventCommand="//hordelullaby2" ChatType="ALL" isRegEx="False" />
  <Event isChecked="True" ChatEvent="Cocoon" EventCommand="//finale &lt;bt&gt;" ChatType="ALL" isRegEx="False" />
</OnEventsList>