﻿<?xml version="1.0" encoding="utf-8"?>
<OnEventsList>
  <Event isChecked="False" ChatEvent="Dream Flower" EventCommand="//magesballad3 typral" ChatType="ALL" isRegEx="False" />
  <Event isChecked="False" ChatEvent="Boost-Dex" EventCommand="//magesballad3 typral" ChatType="ALL" isRegEx="False" />
  <Event isChecked="False" ChatEvent="Battery Charge" EventCommand="//hordelullaby2 &lt;bt&gt;" ChatType="ALL" isRegEx="False" />
  <Event isChecked="True" ChatEvent="cannot be cast" EventCommand="//gs r" ChatType="ALL" isRegEx="False" />
  <Event isChecked="False" ChatEvent="Erratic Flutter" EventCommand="//hordelullaby2 &lt;bt&gt;" ChatType="ALL" isRegEx="False" />
  <Event isChecked="False" ChatEvent="Cocoon" EventCommand="//finale &lt;bt&gt;" ChatType="ALL" isRegEx="False" />
  <Event isChecked="False" ChatEvent="Curaga III" EventCommand="//hordelullaby2 &lt;bt&gt;" ChatType="ALL" isRegEx="False" />
  <Event isChecked="False" ChatEvent="Haste II" EventCommand="//magesballad3 typral" ChatType="ALL" isRegEx="False" />
  <Event isChecked="False" ChatEvent="Refresh II" EventCommand="//magesballad3 typral" ChatType="ALL" isRegEx="False" />
  <Event isChecked="True" ChatEvent="Defense Boost" EventCommand="//magicfinale &lt;bt&gt;" ChatType="ALL" isRegEx="False" />
</OnEventsList>