﻿<?xml version="1.0" encoding="UTF-8" standalone="yes"?>
<!--This is an XML Generated File-->
<saved>
  <entry id="64" name="Avatar Icon" />
  <entry id="5A" name="Avatar Idol" />
  <entry id="15" name="Vanguard Assassin" />
  <entry id="7" name="Vanguard Chanter" />
  <entry id="F" name="Vanguard Exemplar" />
  <entry id="E" name="Vanguard Inciter" />
  <entry id="C" name="Vanguard Liberator" />
  <entry id="12" name="Vanguard Ogresoother" />
  <entry id="1C" name="Vanguard Oracle" />
  <entry id="18" name="Vanguard Partisan" />
  <entry id="14" name="Vanguard Persecutor" />
  <entry id="6" name="Vanguard Prelate" />
  <entry id="5" name="Vanguard Priest" />
  <entry id="10" name="Vanguard Salvager" />
  <entry id="8" name="Vanguard Sentinel" />
  <entry id="4" name="Vanguard Skirmisher" />
  <entry id="A" name="Vanguard Visionary" />
</saved>