﻿<?xml version="1.0" encoding="UTF-8" standalone="yes"?>
<!--This is an XML Generated File-->
<saved>
  <entry id="36" name="Adamantking Effigy" />
  <entry id="D7" name="Andras's Vouivre" />
  <entry id="1A" name="Animated Claymore" />
  <entry id="18" name="Animated Dagger" />
  <entry id="1C" name="Animated Great Axe" />
  <entry id="24" name="Animated Gun" />
  <entry id="21" name="Animated Hammer" />
  <entry id="25" name="Animated Horn" />
  <entry id="17" name="Animated Knuckles" />
  <entry id="1F" name="Animated Kunai" />
  <entry id="23" name="Animated Longbow" />
  <entry id="19" name="Animated Longsword" />
  <entry id="1E" name="Animated Scythe" />
  <entry id="26" name="Animated Shield" />
  <entry id="1D" name="Animated Spear" />
  <entry id="22" name="Animated Staff" />
  <entry id="1B" name="Animated Tabar" />
  <entry id="20" name="Animated Tachi" />
  <entry id="61" name="Avatar Icon" />
  <entry id="C" name="Baron Avnas" />
  <entry id="B" name="Caim's Vouivre" />
  <entry id="D" name="Count Haagenti" />
  <entry id="8B" name="Count Raum" />
  <entry id="108" name="Count Vine" />
  <entry id="C9" name="Count Zaebos" />
  <entry id="B1" name="Duke Berith" />
  <entry id="80" name="Duke Gomory" />
  <entry id="9" name="Duke Haures" />
  <entry id="F1" name="Duke Scox" />
  <entry id="164" name="Effigy Prototype" />
  <entry id="127" name="Goblin Replica" />
  <entry id="165" name="Icon Prototype" />
  <entry id="2E" name="Kindred Bard" />
  <entry id="2B" name="Kindred Beastmaster" />
  <entry id="3D" name="Kindred Black Mage" />
  <entry id="29" name="Kindred Dark Knight" />
  <entry id="38" name="Kindred Dragoon" />
  <entry id="44" name="Kindred Monk" />
  <entry id="32" name="Kindred Ninja" />
  <entry id="27" name="Kindred Paladin" />
  <entry id="2D" name="Kindred Ranger" />
  <entry id="3E" name="Kindred Red Mage" />
  <entry id="30" name="Kindred Samurai" />
  <entry id="34" name="Kindred Summoner" />
  <entry id="45" name="Kindred Thief" />
  <entry id="42" name="Kindred Warrior" />
  <entry id="3C" name="Kindred White Mage" />
  <entry id="FE" name="King Zagan" />
  <entry id="D6" name="Marquis Andras" />
  <entry id="A" name="Marquis Caim" />
  <entry id="EF" name="Marquis Cimeries" />
  <entry id="2F" name="Marquis Decarabia" />
  <entry id="113" name="Marquis Gamygyn" />
  <entry id="131" name="Marquis Nebiros" />
  <entry id="A7" name="Marquis Orias" />
  <entry id="B8" name="Marquis Sabnak" />
  <entry id="9C" name="Prince Seere" />
  <entry id="167" name="Prototype Eye" />
  <entry id="BD" name="Satellite Claymores" />
  <entry id="82" name="Satellite Daggers" />
  <entry id="CF" name="Satellite Great Axes" />
  <entry id="151" name="Satellite Guns" />
  <entry id="9E" name="Satellite Hammers" />
  <entry id="13F" name="Satellite Horns" />
  <entry id="85" name="Satellite Knuckles" />
  <entry id="10A" name="Satellite Kunai" />
  <entry id="15A" name="Satellite Longbows" />
  <entry id="B3" name="Satellite Longswords" />
  <entry id="F4" name="Satellite Scythes" />
  <entry id="72" name="Satellite Shield" />
  <entry id="F7" name="Satellite Spears" />
  <entry id="A1" name="Satellite Staves" />
  <entry id="CC" name="Satellite Tabars" />
  <entry id="10D" name="Satellite Tachi" />
  <entry id="48" name="Serjeant Tombstone" />
  <entry id="25B" name="Somnial Threshold" />
  <entry id="166" name="Statue Prototype" />
  <entry id="163" name="Tombstone Prototype" />
  <entry id="14B" name="Vanguard Dragon" />
  <entry id="75" name="Vanguard Eye" />
  <entry id="8" name="Yang" />
  <entry id="7" name="Ying" />
  <entry id="FF" name="Zagan's Wyvern" />
</saved>