﻿<?xml version="1.0" encoding="UTF-8" standalone="yes"?>
<!--This is an XML Generated File-->
<saved>
  <entry id="4" name="Vanguard Beasttender" />
  <entry id="C" name="Vanguard Constable" />
  <entry id="A" name="Vanguard Defender" />
  <entry id="10" name="Vanguard Drakekeeper" />
  <entry id="E" name="Vanguard Hatamoto" />
  <entry id="F" name="Vanguard Kusa" />
  <entry id="17" name="Vanguard Mason" />
  <entry id="3" name="Vanguard Militant" />
  <entry id="16" name="Vanguard Minstrel" />
  <entry id="7" name="Vanguard Protector" />
  <entry id="8" name="Vanguard Purloiner" />
  <entry id="6" name="Vanguard Thaumaturge" />
  <entry id="1A" name="Vanguard Undertaker" />
  <entry id="9" name="Vanguard Vigilante" />
  <entry id="2" name="Vanguard Vindicator" />
</saved>