﻿<?xml version="1.0" encoding="UTF-8" standalone="yes"?>
<!--This is an XML Generated File-->
<saved>
  <entry id="D0" name="Anvilix Sootwrists" />
  <entry id="EB" name="Arch Goblin Golem" />
  <entry id="5C" name="Bandrix Rockjaw" />
  <entry id="DF" name="Blazox Boneybod" />
  <entry id="D1" name="Bootrix Jaggedelbow" />
  <entry id="71" name="Buffrix Eargone" />
  <entry id="1E" name="Cloktix Longnail" />
  <entry id="D6" name="Distilix Stickytoes" />
  <entry id="5B" name="Elixmix Hooknose" />
  <entry id="D7" name="Eremix Snottynostril" />
  <entry id="E6" name="Feralox Honeylips" />
  <entry id="E7" name="Feralox's Slime" />
  <entry id="D" name="Gabblox Magpietongue" />
  <entry id="1" name="Goblin Golem" />
  <entry id="1F" name="Goblin Replica" />
  <entry id="25" name="Goblin Statue" />
  <entry id="2F" name="Hermitrix Toothrot" />
  <entry id="72" name="Humnox Drumbelly" />
  <entry id="D8" name="Jabbrox Grannyguise" />
  <entry id="23" name="Jabkix Pigeonpecs" />
  <entry id="A0" name="Karashix Swollenskull" />
  <entry id="8A" name="Kikklix Longlegs" />
  <entry id="83" name="Lurklox Dhalmelneck" />
  <entry id="D2" name="Mobpix Mucousmouth" />
  <entry id="3A" name="Morgmox Moldnoggin" />
  <entry id="AE" name="Mortilox Wartpaws" />
  <entry id="E2" name="Prowlox Barrelbelly" />
  <entry id="E5" name="Quicktrix Hexhands" />
  <entry id="BE" name="Rutrix Hamgams" />
  <entry id="DD" name="Scruffix Shaggychest" />
  <entry id="E4" name="Slystix Megapeepers" />
  <entry id="22" name="Smeltix Thickhide" />
  <entry id="CC" name="Snypestix Eaglebeak" />
  <entry id="F4" name="Somnial Threshold" />
  <entry id="3C" name="Sparkspox Sweatbrow" />
  <entry id="82" name="Ticktox Beadyeyes" />
  <entry id="84" name="Trailblix Goatmug" />
  <entry id="1B" name="Tufflix Loglimbs" />
  <entry id="DE" name="Tymexox Ninefingers" />
  <entry id="F" name="Vanguard Alchemist" />
  <entry id="15" name="Vanguard Ambusher" />
  <entry id="B" name="Vanguard Armorer" />
  <entry id="12" name="Vanguard Dragontamer" />
  <entry id="7" name="Vanguard Enchanter" />
  <entry id="C" name="Vanguard Hitman" />
  <entry id="10" name="Vanguard Maestro" />
  <entry id="16" name="Vanguard Necromancer" />
  <entry id="4" name="Vanguard Pathfinder" />
  <entry id="E" name="Vanguard Pitfighter" />
  <entry id="18" name="Vanguard Ronin" />
  <entry id="6" name="Vanguard Shaman" />
  <entry id="2" name="Vanguard Smithy" />
  <entry id="A" name="Vanguard Tinkerer" />
  <entry id="3" name="Vanguard Welldigger" />
  <entry id="24" name="Wasabix Callusdigit" />
  <entry id="EA" name="Wilywox Tenderpalm" />
  <entry id="30" name="Wyrmwix Snakespecs" />
</saved>