﻿<?xml version="1.0" encoding="UTF-8" standalone="yes"?>
<!--This is an XML Generated File-->
<saved>
  <entry id="7B" name="Adamantking Effigy" />
  <entry id="7F" name="Adamantking Image" />
  <entry id="1" name="Angra Mainyu" />
  <entry id="12" name="Arch Angra Mainyu" />
  <entry id="13D" name="Ascetox Ratgums" />
  <entry id="10D" name="Avatar Icon" />
  <entry id="111" name="Avatar Idol" />
  <entry id="79" name="Be'Zhe Keeprazer" />
  <entry id="DC" name="Bhuu Wjato the Firepool" />
  <entry id="14A" name="Bordox Kittyback" />
  <entry id="133" name="Brewnix Bittypupils" />
  <entry id="E0" name="Caa Xaza the Madpiercer" />
  <entry id="11" name="Cavanneche" />
  <entry id="8A" name="Cobraclaw Buchzvotch" />
  <entry id="A" name="Dagourmarche" />
  <entry id="C" name="Dagourmarche's Avatar" />
  <entry id="B" name="Dagourmarche's Wyvern" />
  <entry id="99" name="Deathcaller Bidfbid" />
  <entry id="4C" name="De'Bho Pyrohand" />
  <entry id="C1" name="Drakefeast Wubmfub" />
  <entry id="155" name="Draklix Scalecrust" />
  <entry id="12B" name="Droprix Granitepalms" />
  <entry id="AF" name="Elvaanlopper Grokdok" />
  <entry id="2" name="Fire Pukis" />
  <entry id="CC" name="Foo Peku the Bloodcloak" />
  <entry id="37" name="Ga'Fho Venomtouch" />
  <entry id="95" name="Galkarider Retzpratz" />
  <entry id="141" name="Gibberox Pimplebeak" />
  <entry id="180" name="Goblin Replica" />
  <entry id="184" name="Goblin Statue" />
  <entry id="52" name="Go'Tyo Magenapper" />
  <entry id="6" name="Goublefaupe" />
  <entry id="69" name="Gu'Khu Dukesniper" />
  <entry id="1A" name="Gu'Nha Wallstormer" />
  <entry id="EF" name="Guu Waji the Preacher" />
  <entry id="A8" name="Heavymail Djidzbad" />
  <entry id="104" name="Hee Mida the Meticulous" />
  <entry id="10" name="Hitaume" />
  <entry id="84" name="Humegutter Adzjbadj" />
  <entry id="195" name="Hydra Bard" />
  <entry id="192" name="Hydra Beastmaster" />
  <entry id="18B" name="Hydra Black Mage" />
  <entry id="191" name="Hydra Dark Knight" />
  <entry id="19C" name="Hydra Dragoon" />
  <entry id="186" name="Hydra Monk" />
  <entry id="19A" name="Hydra Ninja" />
  <entry id="190" name="Hydra Paladin" />
  <entry id="196" name="Hydra Ranger" />
  <entry id="188" name="Hydra Red Mage" />
  <entry id="197" name="Hydra Samurai" />
  <entry id="1A3" name="Hydra Summoner" />
  <entry id="18D" name="Hydra Thief" />
  <entry id="185" name="Hydra Warrior" />
  <entry id="187" name="Hydra White Mage" />
  <entry id="88" name="Jeunoraider Gepkzip" />
  <entry id="2E" name="Ji'Fhu Infiltrator" />
  <entry id="6E" name="Ji'Khu Towercleaver" />
  <entry id="108" name="Knii Hoqo the Bisector" />
  <entry id="D7" name="Koo Saxu the Everfast" />
  <entry id="F5" name="Kuu Xuka the Nimble" />
  <entry id="A3" name="Lockbuster Zapdjipp" />
  <entry id="E3" name="Maa Zaua the Wyrmkeeper" />
  <entry id="8" name="Mildaunegeux" />
  <entry id="73" name="Mi'Rhe Whisperblade" />
  <entry id="B9" name="Mithraslaver Debhabob" />
  <entry id="126" name="Moltenox Stubthumbs" />
  <entry id="16E" name="Morblox Chubbychin" />
  <entry id="5D" name="Mu'Gha Legionkiller" />
  <entry id="22" name="Na'Hya Floodmaker" />
  <entry id="F3" name="Nee Huxa the Judgmental" />
  <entry id="47" name="Nu'Bhi Spiraleye" />
  <entry id="5" name="Petro Pukis" />
  <entry id="F" name="Pignonpausard" />
  <entry id="3" name="Poison Pukis" />
  <entry id="10B" name="Puu Timu the Phantasmal" />
  <entry id="7" name="Quiebitiel" />
  <entry id="296" name="Rearguard Eye" />
  <entry id="167" name="Routsix Rubbertendon" />
  <entry id="14F" name="Ruffbix Jumbolobes" />
  <entry id="E9" name="Ryy Qihi the Idolrobber" />
  <entry id="C3" name="Serjeant Tombstone" />
  <entry id="17F" name="Shisox Widebrow" />
  <entry id="B2" name="Skinmask Ugghfogg" />
  <entry id="17A" name="Slinkix Trufflesniff" />
  <entry id="63" name="So'Gho Adderhandler" />
  <entry id="2CF" name="Somnial Threshold" />
  <entry id="F8" name="Soo Jopo the Fiendking" />
  <entry id="58" name="So'Zho Metalbender" />
  <entry id="9D" name="Spinalsucker Galflmall" />
  <entry id="145" name="Swypestix Tigershins" />
  <entry id="41" name="Ta'Hyu Gallanthunter" />
  <entry id="D" name="Taquede" />
  <entry id="B6" name="Taruroaster Biggsjig" />
  <entry id="15B" name="Tocktix Thinlids" />
  <entry id="BE" name="Ultrasonic Zeknajak" />
  <entry id="131" name="Vanguard Alchemist" />
  <entry id="11F" name="Vanguard Ambusher" />
  <entry id="8D" name="Vanguard Amputator" />
  <entry id="11B" name="Vanguard Armorer" />
  <entry id="C9" name="Vanguard Assassin" />
  <entry id="87" name="Vanguard Backstabber" />
  <entry id="17" name="Vanguard Beasttender" />
  <entry id="AB" name="Vanguard Bugler" />
  <entry id="D9" name="Vanguard Chanter" />
  <entry id="23" name="Vanguard Constable" />
  <entry id="24" name="Vanguard Defender" />
  <entry id="97" name="Vanguard Dollmaster" />
  <entry id="12F" name="Vanguard Dragontamer" />
  <entry id="1F" name="Vanguard Drakekeeper" />
  <entry id="115" name="Vanguard Enchanter" />
  <entry id="D2" name="Vanguard Exemplar" />
  <entry id="189" name="Vanguard Eye" />
  <entry id="82" name="Vanguard Footsoldier" />
  <entry id="89" name="Vanguard Grappler" />
  <entry id="8C" name="Vanguard Gutslasher" />
  <entry id="26" name="Vanguard Hatamoto" />
  <entry id="9F" name="Vanguard Hawker" />
  <entry id="128" name="Vanguard Hitman" />
  <entry id="91" name="Vanguard Impaler" />
  <entry id="D8" name="Vanguard Inciter" />
  <entry id="27" name="Vanguard Kusa" />
  <entry id="CE" name="Vanguard Liberator" />
  <entry id="118" name="Vanguard Maestro" />
  <entry id="2A" name="Vanguard Mason" />
  <entry id="9E" name="Vanguard Mesmerizer" />
  <entry id="1B" name="Vanguard Militant" />
  <entry id="19" name="Vanguard Minstrel" />
  <entry id="81" name="Vanguard Neckchopper" />
  <entry id="120" name="Vanguard Necromancer" />
  <entry id="D3" name="Vanguard Ogresoother" />
  <entry id="EB" name="Vanguard Oracle" />
  <entry id="E1" name="Vanguard Partisan" />
  <entry id="116" name="Vanguard Pathfinder" />
  <entry id="FA" name="Vanguard Persecutor" />
  <entry id="A1" name="Vanguard Pillager" />
  <entry id="113" name="Vanguard Pitfighter" />
  <entry id="93" name="Vanguard Predator" />
  <entry id="DA" name="Vanguard Prelate" />
  <entry id="D5" name="Vanguard Priest" />
  <entry id="15" name="Vanguard Protector" />
  <entry id="29" name="Vanguard Purloiner" />
  <entry id="127" name="Vanguard Ronin" />
  <entry id="EA" name="Vanguard Salvager" />
  <entry id="C8" name="Vanguard Sentinel" />
  <entry id="114" name="Vanguard Shaman" />
  <entry id="CA" name="Vanguard Skirmisher" />
  <entry id="112" name="Vanguard Smithy" />
  <entry id="49" name="Vanguard Thaumaturge" />
  <entry id="14B" name="Vanguard Tinkerer" />
  <entry id="80" name="Vanguard Trooper" />
  <entry id="2C" name="Vanguard Undertaker" />
  <entry id="85" name="Vanguard Vexer" />
  <entry id="32" name="Vanguard Vigilante" />
  <entry id="13" name="Vanguard Vindicator" />
  <entry id="CD" name="Vanguard Visionary" />
  <entry id="11A" name="Vanguard Welldigger" />
  <entry id="9" name="Velosareon" />
  <entry id="C7" name="Warchief Tombstone" />
  <entry id="174" name="Whistrix Toadthroat" />
  <entry id="4" name="Wind Pukis" />
  <entry id="8F" name="Wraithdancer Gidbnod" />
  <entry id="D1" name="Xaa Chau the Roctalon" />
  <entry id="FF" name="Xhoo Fuza the Sublime" />
</saved>