﻿<?xml version="1.0" encoding="UTF-8" standalone="yes"?>
<!--This is an XML Generated File-->
<saved>
  <entry id="ED" name="Arch Overlord Tombstone" />
  <entry id="2" name="Battlechoir Gitchfotch" />
  <entry id="E7" name="Bladeburner Rokgevok" />
  <entry id="EA" name="Bloodfist Voshgrosh" />
  <entry id="1" name="Overlord's Tombstone" />
  <entry id="1E" name="Reapertongue Gadgquok" />
  <entry id="1B" name="Serjeant Tombstone" />
  <entry id="F6" name="Somnial Threshold" />
  <entry id="3" name="Soulsender Fugbrag" />
  <entry id="EB" name="Spellspear Djokvukk" />
  <entry id="E8" name="Steelshank Kratzvatz" />
  <entry id="6" name="Vanguard Amputator" />
  <entry id="11" name="Vanguard Backstabber" />
  <entry id="D" name="Vanguard Bugler" />
  <entry id="14" name="Vanguard Dollmaster" />
  <entry id="4" name="Vanguard Footsoldier" />
  <entry id="A" name="Vanguard Grappler" />
  <entry id="E" name="Vanguard Gutslasher" />
  <entry id="12" name="Vanguard Hawker" />
  <entry id="F" name="Vanguard Impaler" />
  <entry id="9" name="Vanguard Mesmerizer" />
  <entry id="B" name="Vanguard Neckchopper" />
  <entry id="8" name="Vanguard Pillager" />
  <entry id="17" name="Vanguard Predator" />
  <entry id="5" name="Vanguard Trooper" />
  <entry id="7" name="Vanguard Vexer" />
  <entry id="44" name="Voidstreaker Butchnotch" />
  <entry id="32" name="Warchief Tombstone" />
  <entry id="38" name="Wyrmgnasher Bjakdek" />
</saved>